,position_1,position_2,position_3
0,162.65381097347586,129.1374241019133,156.9368667721111
1,141.66956307642178,87.41193427074204,109.7760134526835
2,0.0,101.02253956458857,147.89247284634197
3,158.72201084399188,78.21018915308889,97.2053607575634
4,0.0,177.4145278084625,0.0
5,98.73726283388372,74.62076663207591,119.73215759281521
6,139.16557569132036,99.07205225919117,123.2180396084194
7,132.72200347176255,165.80868029904735,116.51777985159111
8,0.0,190.39317902407885,42.04291457830159
9,56.92658460953872,114.3458800039095,140.79842156456726
10,0.0,0.0,153.3469690723749
11,0.0,101.37997298078358,107.21359515019417
12,55.50008345654476,192.9951596992758,197.94426051538503
13,217.26165767357517,123.52799059370085,232.61990054418797
14,182.2031703394483,92.19919521394687,81.64951975388179
15,106.39417197746526,0.0,196.43410786539027
16,73.33813514473127,103.29367814184923,116.49930466788744
17,80.23803284006406,73.69641446141162,0.0
18,105.13149959137061,111.14257409208896,113.42540398984245
19,0.0,0.0,195.18250545588074
20,0.0,234.41921031353274,93.51860366704727
21,0.0,145.8562254427302,80.8114542544704
22,66.28100247421685,148.26014512288302,0.0
23,84.85838908364468,82.86407101638858,87.6546187417243
24,0.0,202.3638381045234,206.1688494717509
25,0.0,100.6155086807954,117.3977848823953
26,171.8077114604672,131.81630674754027,0.0
27,146.52765991970395,145.38005046717845,50.81273943587925
28,0.0,0.0,60.19899437161683
29,71.0881248458265,0.0,141.8230610502657
30,53.03011336466395,86.36953621422933,64.73319613923424
31,163.56081723022905,0.0,234.38038206428055
32,0.0,0.0,138.87791901194353
33,103.518931610615,0.0,41.382364465742285
34,0.0,160.063283848236,207.49945683061367
35,0.0,120.95967474043971,111.78721802665177
36,0.0,0.0,85.7059464569012
37,128.68052274002432,0.0,0.0
38,78.35984239005947,54.797530139609826,349.5407269752145
39,84.39004930295471,0.0,207.02071963124257
40,113.64323813320789,0.0,0.0
41,136.1052296394475,124.49988521947648,47.18793601664937
42,279.6584134555128,0.0,0.0
43,126.31872770594327,87.29581092825282,96.32188509499558
44,50.46209312226176,0.0,123.90070548065461
45,122.90023837692979,179.05924829986668,145.3737768325096
46,0.0,0.0,126.61781725741795
47,0.0,167.33930776474114,0.0
48,159.1215087748333,189.1370919141596,79.86181183601246
49,117.78813546400015,159.58949851668285,121.51969885394136
50,0.0,0.0,107.98303691567173
51,194.80398411245292,121.05246262829974,123.33464242829152
52,76.2004210824581,220.74065706568277,49.364451239839
53,73.05652881479074,110.63968215490094,102.13648279632021
54,126.44706413676664,135.76115839434127,111.9300868911305
55,0.0,117.74495123980542,0.0
56,119.3142978130767,168.96836874092034,219.35207650322226
57,151.18838675734006,176.32744686065777,0.0
58,0.0,0.0,151.2964312560024
59,111.04531878319807,85.29845644095484,110.71299085496584
60,57.23506295034256,74.87889902812296,164.4908837499448
61,65.80887428353985,160.4555215625923,80.58461630901517
62,66.87444976372504,60.0245676839173,80.55641203656751
63,101.77363898295833,102.27667776915703,128.72348063300166
64,0.0,101.29488637897772,64.66492683856188
65,0.0,54.0954181265248,132.68867413589984
66,154.18210233222754,0.0,123.13763893041096
67,123.15315386270989,0.0,73.21222115876441
68,179.22980777216847,56.8774127713747,110.43289742107127
69,59.752868126655926,224.24057395550588,136.18391631714744
70,0.0,89.14989282830696,97.419404006602
71,234.4754293166675,214.04317538829994,174.0164285991437
72,39.882600250550865,84.53521970776238,0.0
73,135.4629858750648,145.3240813812934,0.0
74,91.70366984030566,0.0,219.31580153900705
75,0.0,0.0,0.0
76,167.42885531281442,0.0,0.0
77,0.0,0.0,195.92315612353937
78,88.56335606855357,94.01451571914863,166.81059538184897
79,0.0,0.0,108.12274852269931
80,77.92272399134657,95.17867572347438,56.91061949338065
81,0.0,86.49881248579591,0.0
82,108.85232735820085,0.0,153.13480944283512
83,0.0,75.2482659367823,185.6542061315685
84,21.13147312132647,87.77222065186757,162.0777713555821
85,165.83640091649713,0.0,95.25927181203465
86,0.0,0.0,121.09641203857325
87,152.4188525418953,139.66324199013758,42.714176802501306
88,134.31064390379584,118.80127770384851,119.67361618616013
89,0.0,286.05292309061656,0.0
90,56.045847207169686,159.02276547264427,24.50812079886445
91,0.0,112.58883898980811,118.99054787713877
92,0.0,228.36442932742415,141.15313221094684
93,114.87581487057257,110.10577031250057,0.0
94,144.184423152205,0.0,163.70252201437975
95,0.0,81.11435715198677,55.289531894426034
96,210.69835960597538,124.77342283467638,0.0
97,0.0,122.37582679508063,78.35810355469663
98,0.0,142.2511336938018,61.91302990380764
99,145.75928465612935,0.0,0.0
100,51.803842778878625,81.04287302652668,120.02377943479536
101,84.2243753755908,0.0,0.0
102,77.0988828903061,0.0,136.74510523923882
103,55.50485837027549,0.0,0.0
104,257.5243814119969,159.0694103393959,0.0
105,55.33839616332958,169.8518065932684,174.49399315891407
106,0.0,145.3486277864602,71.37008200232667
107,130.90078158235488,62.818122300410806,229.72823071167335
108,21.784572374423597,0.0,163.94990696135469
109,0.0,60.85730510750563,111.20374040172821
110,101.80718593180329,124.76408611213958,168.75360486967875
111,210.50883807932757,99.19489645828182,54.865509978266026
112,148.23089880898195,125.94326716035347,239.7520563650022
113,174.58970333359366,0.0,292.4369994341238
114,28.86681751856286,99.432314953956,68.27296085596917
115,101.6935435966953,56.57825680033582,0.0
116,88.54441189904128,0.0,96.8464979555412
117,204.6588385013869,124.85228264128294,53.35152506907258
118,81.58105859529797,0.0,301.44193422210924
119,0.0,0.0,278.178636133522
120,86.0148374260299,58.74756346749681,0.0
121,0.0,99.0598575558474,57.465879503020126
122,53.342135908688434,144.8970297178998,128.2732121759186
123,82.58457012780781,0.0,50.965927674795175
124,77.4377012973562,0.0,87.21104649026631
125,0.0,164.27491667572016,0.0
126,145.48052217302234,103.46771588437082,78.2723558558821
127,0.0,111.73480618587985,0.0
128,0.0,0.0,39.261111306599204
129,0.0,160.52358160020697,176.84702629297846
130,57.74637641282873,0.0,0.0
131,0.0,76.2865752094526,0.0
132,0.0,190.9386065391315,235.61520394269039
133,173.2147834333505,0.0,106.10061983497688
134,0.0,0.0,186.81486272596186
135,0.0,53.50350502953021,0.0
136,0.0,129.47288253193048,266.5031823821067
137,152.9294898192032,157.69604960703626,120.81957151696888
138,52.43716254462835,91.47398801586273,71.41187949853281
139,0.0,0.0,80.63171541519237
140,200.88368159727779,0.0,75.52683753260041
141,194.67425857157053,33.36324081574315,73.25228673530383
142,91.25972496608844,162.16497541589308,139.24473087628488
143,0.0,68.21999165257871,167.43714988228464
144,172.37073671007465,87.62999159594798,278.1065481948155
145,137.11207941874378,102.11732914645088,218.98375412530106
146,86.86354651147566,55.21258461485876,115.85285450217783
147,0.0,0.0,89.3511623653472
148,0.0,144.58112778788123,87.96757763036129
149,77.22827914765786,0.0,99.2687545260439
150,83.59473039023594,95.62383211618261,74.80279029896838
151,133.528958022736,0.0,108.80530049747972
152,91.30623391154853,193.4310689874785,122.6513798878634
153,0.0,113.32594617542688,279.03057363760246
154,0.0,66.59426072132591,189.5129613043713
155,73.87522205501938,68.01560510179888,143.78470366474966
156,282.05763269088595,93.97301893696304,116.64621000624744
157,41.788827412791186,79.51393896970535,31.861448905062844
158,18.483534832671083,41.06181920585087,78.3923365441704
159,61.86379748795768,0.0,142.86349685120996
160,71.35157291625663,213.4319893880134,310.57917546664174
161,141.88285670441138,0.0,66.18185677038304
162,201.99708678344467,0.0,102.89958350592347
163,174.549309963591,208.43538902806748,235.41264382025838
164,0.0,89.61809295908267,140.071294057111
165,156.1886650714047,0.0,69.79590973328925
166,187.40969189081534,0.0,98.2370331411678
167,9.636305348214599,0.0,140.76638958436055
168,91.75639840690346,304.0544930736982,80.83029663083347
169,145.45132174796626,0.0,0.0
170,107.1540696587099,70.64996153983485,104.42935625371251
171,0.0,146.80819031513843,109.5019575152339
172,0.0,0.0,118.56276698473471
173,0.0,105.24119716296025,104.54835849341993
174,143.512825124347,122.35392910441047,146.93481366109452
175,0.0,117.50892302961297,0.0
176,117.51326962799376,58.66527924219126,93.36907611288143
177,152.6399501448932,175.68493305809474,110.81913252767127
178,135.71765968838835,0.0,0.0
179,0.0,208.68509156241123,166.82917579416318
180,54.849953489199535,0.0,201.31366669411895
181,70.11348318549325,201.05882439767146,78.0727545068056
182,98.2474937352166,163.74563315491258,186.6452460681496
183,110.56112172940041,0.0,0.0
184,164.14214188119664,73.35914856929865,121.28427324235324
185,0.0,80.58637608429079,122.67074101505192
186,79.15873745243445,0.0,247.1609099140058
187,109.23917144284466,93.4502849946134,202.35280806128395
188,76.64067347649028,89.70942727123294,142.7995236356789
189,0.0,0.0,118.76501333943715
190,158.79981941019156,152.80723899253655,165.8066372715691
191,166.7087731118331,102.09122607286733,125.9250876181097
192,49.590069982372576,111.67187490442973,72.25803913669823
193,0.0,189.45522381308334,98.75956965422492
194,0.0,0.0,252.37117175045557
195,66.94498010978963,215.12086704717746,123.75285570697383
196,14.069542824391217,178.78337269169563,0.0
197,26.90263734446056,118.55365455601918,277.0984996691854
198,0.0,0.0,0.0
199,114.7756406642006,183.44793788428748,0.0
200,84.2546021295459,0.0,82.58944939082062
201,0.0,119.16606281878019,67.1277796383284
202,0.0,194.76934328366272,140.20943561458375
203,0.0,78.10532764598477,0.0
204,198.972588338024,75.30035325916761,63.40373667260139
205,75.58211722444608,138.59378841625684,178.06288897693565
206,0.0,0.0,264.56443697294566
207,113.61333944758802,56.46054449654779,301.0492952389268
208,90.40074719383314,0.0,133.4799736964027
209,55.74276959517091,78.24081488621866,51.676472769949555
210,82.71281907859834,0.0,207.26924469087896
211,110.65587156152056,110.84021260386882,132.8292369988218
212,0.0,142.00830913895993,147.2598213346956
213,247.2606594948134,58.66887487942001,291.63652555632785
214,72.70384696074866,134.52325673735984,0.0
215,0.0,65.07168771183568,29.310681231168587
216,0.0,0.0,274.8436099170397
217,70.92077543095573,97.99548048856988,162.05401044201452
218,113.10135818920784,80.95337347177912,259.0913474748278
219,0.0,67.30604998338497,198.62211102157647
220,48.74368259139408,96.29278999116002,120.19136436497473
221,0.0,0.0,151.67759529211466
222,181.42188768024707,78.78353377155435,254.6971887338481
223,25.30658768042518,0.0,0.0
224,67.93041609193975,90.95781156604123,307.8264694244992
225,98.65804614785188,0.0,147.75063306838496
226,0.0,66.26245875647405,49.88031645680174
227,0.0,150.23925375956023,185.5584353669973
228,0.0,0.0,54.82024300955192
229,0.0,75.71925378570764,0.0
230,0.0,0.0,90.41593236845854
231,176.7256178527278,0.0,0.0
232,0.0,216.2807421523339,121.43895296551598
233,0.0,129.93569605460436,75.13753651633814
234,167.86230781326887,244.28738045817272,110.8223675195692
235,112.988600383542,175.06286780478828,107.9236599056843
236,0.0,103.24790457819049,158.12440877757615
237,54.25517291936234,82.1193288523461,0.0
238,56.55199947453088,214.957022596389,0.0
239,0.0,113.07558691413568,83.85487586263392
240,0.0,0.0,0.0
241,80.07688739764902,114.66307976429613,76.93456730361635
242,138.1234678089665,151.90796861792117,50.130126957475916
243,47.71732296784883,0.0,0.0
244,174.7282317539604,0.0,112.77457076293867
245,194.0630199176309,234.25780811069114,116.47723399826796
246,0.0,55.65150104390083,0.0
247,49.4293459604873,0.0,262.1491813440276
248,203.43786841193796,46.36158957114294,240.2715875130373
249,0.0,73.96073950006765,210.45443026317903
250,98.1421703679298,0.0,89.6520616300462
251,135.3076861139378,187.82116957572052,87.34325805963383
252,0.0,289.0152442147332,100.49471918049157
253,114.42415750293246,95.35214291842244,199.94585198722675
254,92.24556183090911,0.0,84.31855449929746
255,0.0,0.0,89.88600152171645
256,109.41527195253637,229.8048375585741,141.12443385085476
257,0.0,129.1340755101171,179.00407746585108
258,0.0,106.8157962918271,66.46087099554124
259,275.1635734880914,140.07393470430392,127.34925627791623
260,120.980185343145,223.89264983877578,277.0993251832708
261,0.0,111.27468315468127,188.80050454066102
262,133.95534676221325,125.22216599206098,130.21802953829956
263,95.47365185019429,98.6333798214991,96.71385641805547
264,206.53835663606898,0.0,118.38326424655726
265,151.44710783782912,147.15363807988044,0.0
266,29.179676002814908,0.0,64.97727446607662
267,190.0752733744904,143.92137975969942,225.65669475950546
268,118.71244391942871,0.0,125.86280991926321
269,83.93226498897062,91.11367376299143,281.2510022189899
270,151.28706950091376,295.09164057465995,0.0
271,69.78991873984057,140.1899461274532,32.289776549030655
272,288.50414477197677,148.66741848270024,0.0
273,48.308631482631824,0.0,219.52388762489952
274,0.0,0.0,113.8220928534049
275,151.26142076273877,0.0,131.15203142529563
276,124.82386684385219,213.78877681849454,272.9147544726753
277,202.55009721081882,79.24667245484103,80.32117195169388
278,0.0,64.9060515609648,245.31462858033368
279,210.3723166372899,57.81829218319471,0.0
280,0.0,0.0,125.80990239821922
281,0.0,139.48984428323422,0.0
282,82.60612514439093,147.8591899057532,130.95816372611412
283,72.52460538678959,0.0,0.0
284,135.84067520079557,151.6722051334585,170.2897754578742
285,117.62367737572187,0.0,176.3481601788398
286,66.92014378597658,131.5876015572339,294.78370827534195
287,0.0,0.0,0.0
288,155.00122408426387,105.60555654032461,108.40228251853421
289,0.0,209.50452589956495,0.0
290,40.411288499426306,63.970157720050935,0.0
291,170.3944146390321,139.2678944766289,205.65080654292672
292,0.0,239.31272361505958,160.57177138413263
293,0.0,139.54447338258566,263.7526322512093
294,0.0,104.27891119646573,0.0
295,159.86025448947652,150.8558164640691,144.26122709696693
296,0.0,113.9172227475125,168.032585783504
297,140.2629091378548,0.0,0.0
298,80.72979025388604,124.47184746750388,100.53746046061684
299,0.0,0.0,245.99550121436823
300,0.0,230.28794350510742,75.6442647842199
301,119.15006531927165,150.43743811291307,165.39461638995857
302,0.0,118.58737524621259,69.02169670938021
303,161.04948898234147,188.59015668819904,0.0
304,0.0,161.66954325978867,147.8444716135297
305,133.7850767643662,174.87744851104628,116.24508223899039
306,96.42145707031293,130.6933227978365,53.90907683479051
307,54.44259625590795,94.03452818099905,44.75403110670016
308,0.0,192.1553129610788,99.36250187622811
309,143.91229439675968,44.213240399727596,96.35125178374017
310,133.80050575383905,0.0,185.07567042412924
311,197.1944630099721,0.0,96.21626036826346
312,218.4909693564075,99.38416643357685,131.82923037626492
313,104.50241613249912,79.07402560124746,298.1220463766372
314,59.47918942993888,0.0,114.26903373760241
315,199.9778406618454,125.53323133241389,134.41197704313444
316,181.77353788239824,233.733946038468,304.8175061985882
317,0.0,0.0,143.72396034440519
318,204.52339063419387,137.03543158445984,158.10376661734608
319,85.33449770754282,317.74455678883857,96.98949984763922
320,48.03945172892302,0.0,141.07102339966292
321,139.5458991833216,117.39526350122493,0.0
322,32.3796868954957,0.0,0.0
323,96.59466085738032,0.0,163.73845729023628
324,40.17595102042807,0.0,139.2476271945238
325,0.0,0.0,0.0
326,123.91015286123432,72.25104720684058,218.14563495543103
327,94.31643443149913,0.0,215.20374225295876
328,152.9423457134656,0.0,172.80663169996228
329,78.46368684235532,96.44244581492765,53.15513572771307
330,116.02242626542001,64.34344462189033,139.91088121890613
331,53.83725200020907,71.57377649121197,65.29183206271331
332,40.77501963052754,0.0,69.18632398144184
333,91.67185005987054,177.34771435743366,106.0957250924379
334,0.0,73.20589170604164,229.1500166650565
335,58.91001177988559,67.76511398624471,140.4738445631792
336,99.26391796209234,0.0,131.01262698960824
337,88.49464234884093,106.54294895806065,126.64783119601749
338,141.6064135758986,0.0,56.684937322543576
339,0.0,91.16028519807107,156.35792544947608
340,129.97008647095723,0.0,251.77933639160835
341,0.0,202.57168798951156,53.05637949060401
342,169.21424709691948,64.2065879877048,0.0
343,0.0,0.0,0.0
344,167.3081073490455,281.5508113426373,0.0
345,0.0,0.0,158.41356546545924
346,0.0,160.8262075456109,0.0
347,160.22672776843677,144.33567526044553,88.96571590270612
348,265.32230056359333,0.0,154.89618077684673
349,0.0,200.21106268247277,228.45311198861356
350,122.22441601941581,72.33927677702475,108.07246702964805
351,183.0141614252796,0.0,231.64491383523708
352,147.75952438087347,87.84708093789114,216.64538822987737
353,0.0,128.5986256101126,115.4688964679439
354,0.0,39.60768415574705,0.0
355,0.0,58.70941567358269,99.46489179384002
356,0.0,69.7406662806082,56.426484187973536
357,271.4017910981942,87.36061079741032,61.20928429671287
358,77.26306017632027,99.30648015378992,62.172003219503836
359,80.93477020846072,0.0,196.9519467218854
360,0.0,123.71823180474586,46.02002092075034
361,0.0,96.87430374879287,0.0
362,51.08709262881529,98.11237427949828,117.04446277372314
363,81.22644697199665,228.78431264002717,166.21029761335737
364,53.915178661333854,100.11484294808749,267.1907228571035
365,98.71378645282432,131.24916696910566,64.18914853173263
366,192.9480953601454,168.4693172218891,84.42330413006596
367,216.01504073008903,203.0690983667413,217.74100195373703
368,171.86350003608112,51.53601885349526,166.2035914343284
369,101.89891648152349,0.0,168.06943508768148
370,0.0,69.54968709896875,0.0
371,265.0571131474045,102.17534972149261,101.86125709377446
372,0.0,184.32915586535708,0.0
373,170.29161490400915,77.67287268959919,147.56912545504096
374,0.0,206.11921917933861,128.08350772699117
375,216.4482103908408,146.4536030784698,98.63442772318596
376,88.58651066120399,176.4094093063545,136.57832844732786
377,111.08778851587957,122.52111512849137,296.233266004704
378,59.635707607262525,0.0,128.0904929398714
379,205.87166378987285,154.52350224737316,69.71021273969163
380,172.60297836173015,161.13133176650757,124.55076197635697
381,141.44674154690298,150.60650249647344,151.24702919328416
382,87.75185986776604,0.0,184.3246467390622
383,277.63404128849265,0.0,119.98178864233569
384,0.0,0.0,61.8702281672965
385,53.28141238808387,165.5390580982121,0.0
386,0.0,285.40996124172807,0.0
387,175.97175360224293,204.10529617154242,0.0
388,115.52549121101264,0.0,111.33196992946752
389,216.35603086533507,0.0,109.90004558752868
390,149.2305352776786,0.0,92.78540099023712
391,36.08267802981648,99.10787473828522,154.57286422415254
392,0.0,189.14879851351725,0.0
393,115.00198511298241,97.19841529461351,315.8022650688047
394,78.34569030939727,109.7249141959969,133.80843395636762
395,0.0,29.75741224883096,190.73502951421963
396,117.70397284131167,0.0,91.88376319214511
397,140.94091234226704,337.3183610404398,208.89873443355228
398,0.0,77.8757561070871,0.0
399,0.0,0.0,0.0
400,143.56857499466585,205.47448716842717,99.14338069365701
401,0.0,88.20064418988296,219.8097066597837
402,161.29886937512066,89.67471307279584,216.0408833151336
403,0.0,88.15182061969354,114.62342003358033
404,0.0,0.0,174.85960264225452
405,152.366583410653,196.8686979988569,82.24876744988353
406,48.456574912460475,45.41467209358837,230.36376179337952
407,0.0,0.0,100.62791331085215
408,117.97339261292282,125.75071083105604,27.90392006329176
409,60.45166782467224,93.85963092036572,181.73197399615276
410,0.0,73.82071384564826,122.8438215778827
411,0.0,156.64785050848866,193.07660742415487
412,58.452779045161336,0.0,148.31223349863592
413,0.0,0.0,91.83518291412523
414,32.63344902031242,220.6291603994137,143.0056478459708
415,73.61688130191679,0.0,93.34174175206398
416,0.0,130.8396625511195,209.48388716985824
417,92.36299353331668,0.0,135.0785083606487
418,133.6469522613129,148.5736220318828,138.29697324220194
419,0.0,126.61399787734375,124.35367979810158
420,79.64378959559969,68.64296174286342,309.20758905146266
421,35.97614455932832,0.0,55.546861949090044
422,59.83947064039094,0.0,267.0369448341285
423,73.13370130670071,98.47440287778514,58.303014254024944
424,231.70675071535274,124.57968274464231,0.0
425,0.0,0.0,0.0
426,0.0,149.02978044437393,125.22097880938294
427,227.6998059519142,140.23460661758816,0.0
428,225.67859695056822,124.83545638252964,97.97055141277829
429,31.380371159117683,0.0,209.7482052334042
430,78.3883261047776,0.0,24.34194191155366
431,94.46061222639976,149.88281255249248,129.91565329379293
432,183.35609683491623,0.0,0.0
433,99.12705407410955,0.0,100.20996518865645
434,0.0,0.0,212.9188589916491
435,86.88514561948317,91.85501294792606,0.0
436,113.0672061784669,100.11870392002238,127.20018420617336
437,73.97503585035189,69.10524664108551,148.95214934292932
438,103.15517163116417,167.9021412297858,224.9386839507841
439,190.76516566196517,175.79312119864673,139.70913323406893
440,106.2298403011847,158.57117720426487,0.0
441,0.0,44.12571618709526,193.16193669412814
442,110.37697569430806,106.02811334359725,196.31330665250672
443,0.0,124.81994053269814,0.0
444,126.62460217562749,108.48556363571424,0.0
445,161.55006432193323,88.9314644610905,111.71403500409541
446,111.49665577615762,0.0,87.19410017999458
447,174.923489761557,225.12116186460668,70.70348436950171
448,0.0,225.39253941918815,142.66193633479722
449,97.91175550486298,121.99073427559522,263.9082704417561
450,0.0,77.33995015459257,139.57383001751856
451,102.27988500315675,148.65752637570395,179.63361399334184
452,0.0,216.77531797314708,176.5537496601656
453,241.8128908768062,0.0,143.98051444622703
454,119.40734182780183,0.0,104.15155610774693
455,0.0,0.0,0.0
456,26.57039853655581,0.0,0.0
457,0.0,0.0,74.06814534229429
458,106.27110332773283,139.62503916848556,51.7844525525527
459,102.65186641768639,115.59808468429911,121.71952402963
460,64.08941364973822,0.0,0.0
461,0.0,107.2698255012866,0.0
462,99.01006748066696,0.0,0.0
463,159.46836638702106,0.0,105.97172076763042
464,242.96412427465566,130.14306715432076,198.8060684699178
465,0.0,0.0,133.9990371917502
466,101.51582845967008,141.2820035749435,0.0
467,19.27077037712208,144.23928693041546,221.39957502710098
468,0.0,109.48501105829796,267.46555807176117
469,0.0,216.68082205446098,51.861838392937784
470,0.0,0.0,101.04673775247167
471,177.49976448965626,108.36346458241172,179.35366854036414
472,375.92956481979184,186.932953663466,0.0
473,51.40099226046751,89.1770623808099,153.27087996348564
474,0.0,103.91904585037686,0.0
475,147.5445393875944,65.9571307125377,123.76650824534903
476,120.19715195063209,60.93853420948572,75.75966116063874
477,198.0694118682576,206.0781733556467,214.51745723644825
478,151.23342067060517,72.4067151753596,0.0
479,0.0,123.02287626317923,117.04151417254405
480,0.0,0.0,103.34520076292186
481,162.94959611783165,259.3050162253368,173.01739677411578
482,195.08629809911432,87.30865638887558,129.40848728192674
483,0.0,96.9401212405856,179.614753720741
484,208.31282860351573,0.0,56.986135097611296
485,61.16771157612058,197.0697292370734,0.0
486,75.42207045364327,65.09699635633966,99.93489713215767
487,230.10810022686493,110.97013491985335,128.76902407131956
488,6.473032182292355,110.83610889852808,128.9823345749815
489,79.97994873544127,134.38035846922185,109.90775287695307
490,102.6651959082962,103.3578477002753,93.72272894496832
491,234.00490628476592,113.18543205853257,0.0
492,0.0,0.0,52.21985730507447
493,58.955523989447286,0.0,71.23449932594285
494,0.0,180.1093219952299,140.6761721297622
495,59.502194099674526,123.4567868647514,109.01800564022601
496,28.871139175488782,117.69694986892219,139.49841021527575
497,73.5651484147815,0.0,175.90168853347518
498,0.0,59.56513472565154,198.26168374977834
499,43.88750036089397,61.335094032701456,0.0
500,60.08716459087478,192.98941907641287,174.2089073848075
501,0.0,0.0,43.03453092733925
502,163.0785274222262,0.0,0.0
503,193.1924374920601,61.67905067029263,268.9735444230204
504,0.0,142.94589877655835,0.0
505,0.0,174.15423621130702,153.81744003877526
506,50.78449125873589,123.72391680515966,0.0
507,140.75033576183287,0.0,175.70183187740992
508,104.98058022423736,147.99646193833306,124.32457296249234
509,0.0,43.58681675553891,166.00232444419342
510,115.35756533632738,47.80692946946664,78.79893369560733
511,0.0,95.83110475743328,112.36818431265023
512,0.0,75.25436944447351,197.34655234663273
513,125.48706533764133,157.25934877181408,86.6392374169244
514,74.83743678669812,0.0,129.7476681506775
515,153.83820111914042,59.26004124215447,86.27573063832662
516,73.08095433177537,208.02306291156705,273.59825548505324
517,0.0,186.53534021725946,180.80531239463042
518,0.0,57.5633875277718,103.39958713922935
519,144.21125053979185,0.0,0.0
520,131.12873262931285,0.0,149.67414225352832
521,0.0,0.0,164.38051941117226
522,122.99124876313493,0.0,98.78076075406763
523,0.0,138.4421981581698,101.64515435970449
524,0.0,0.0,241.62117277675515
525,101.86552511780444,115.1160699177928,68.13642671969203
526,215.37816598009883,142.48714821036228,115.86465974246238
527,117.25136845000307,117.13932109458001,0.0
528,173.61762481476342,92.52306725184813,114.01860390769497
529,0.0,105.81782871062302,57.21629308147833
530,0.0,159.0378558888581,222.26162526449272
531,185.39274401427537,122.4918380678397,138.37311313094054
532,0.0,98.05550023162839,182.72131728258918
533,58.747839983672705,340.966634908961,0.0
534,298.09543079696044,0.0,88.11450311264852
535,130.27343561960333,47.42849955393995,180.79192736258696
536,0.0,58.23716111937228,211.72057846450716
537,168.11284607208142,162.99603990653176,131.9543396223495
538,213.75079807539916,88.24291076901959,0.0
539,211.19922330552038,149.16780927082226,0.0
540,0.0,60.403962410325185,136.55386999371132
541,183.1677264321706,51.05784900315437,54.4185319346755
542,69.67816077591023,0.0,194.617534919229
543,0.0,84.36094948612607,91.0726823383797
544,0.0,0.0,77.62852547282915
545,0.0,131.1188231939694,142.57097506888294
546,173.4765099721388,136.917369263472,0.0
547,82.24571893240682,106.42762405223208,105.18901338260156
548,96.89371356365602,173.93501192658672,84.66029296259087
549,62.474071727800215,125.11236656584126,115.90057720975855
550,0.0,150.19744089133235,114.68529913175823
551,0.0,68.20909188828267,0.0
552,57.52482222031162,126.97517498235788,0.0
553,27.873957852792937,111.62984361593718,182.25575792309357
554,409.6888056102769,139.13553607170397,0.0
555,207.8602144006959,111.9194862427724,0.0
556,96.99788573065443,226.3811274191371,74.86666283211429
557,100.25642329828719,87.48641040082319,0.0
558,0.0,0.0,109.8214780285746
559,31.461848269270458,32.290841159475235,0.0
560,116.47341498461267,68.27665515381248,242.54022700534972
561,135.68934380954502,102.045969272663,84.78755026136704
562,133.87520979765694,0.0,184.28368950445645
563,0.0,92.4787524294645,85.60254204898943
564,0.0,0.0,100.72490448660179
565,0.0,0.0,273.95083942191405
566,95.82801245855637,231.66654957891177,0.0
567,253.3830976002119,100.63490398543789,109.01134351297681
568,97.50906332764602,109.69135619348518,158.5444224232979
569,240.30406802403976,126.3688270994019,0.0
570,121.99810625760355,0.0,144.50546815069768
571,152.36268758240027,0.0,148.3446456671472
572,147.3403797338974,0.0,135.88723343676133
573,123.89471739308154,0.0,0.0
574,60.66837642895789,0.0,88.82808055021574
575,229.96178287805165,127.61997640021032,167.117170438916
576,104.27706904068539,197.0173231181333,164.1545246358432
577,66.69481967181758,67.61821597153391,0.0
578,0.0,94.42217248285495,0.0
579,49.554306035140364,0.0,170.14673064535103
580,171.5365861146836,52.84571880817195,128.71709213354396
581,142.8948191283804,121.07179947796676,0.0
582,45.988566811650706,91.76560972251686,123.41220552982266
583,70.87422195555655,0.0,0.0
584,0.0,61.878013402309904,138.44599335725698
585,112.6476215522333,0.0,116.4771335532451
586,134.6720408185363,183.74040093891722,0.0
587,121.78254170533366,67.35013508848616,0.0
588,128.47000558752626,114.19398773924149,0.0
589,151.99929245739006,54.78163799631051,0.0
590,78.800524069222,137.37038345381353,65.30677013376126
591,0.0,176.72267940073846,148.45351418471188
592,0.0,151.36184843401486,56.590924426712924
593,76.17289960746827,74.55844740494616,0.0
594,70.51379068271173,105.40496911830508,79.70243631940205
595,56.34952940975214,128.04299168741943,124.19330025319489
596,0.0,132.90635085604504,113.81539716035756
597,0.0,97.08331255141049,107.89027750044336
598,56.566608650115704,259.2468518063748,153.60574318214748
599,0.0,80.69148257581071,215.71040223727016
600,76.65142383973378,0.0,121.14162678100841
601,68.20356091937299,0.0,142.86463724538962
602,109.03519172865917,118.66635292343351,0.0
603,163.3548557615854,0.0,101.5052207832896
604,52.139488445559245,94.81381038807356,82.21129966678038
605,91.84996767309242,22.78337699644691,157.7778501286074
606,96.20273966798868,86.17715715208641,105.09838886421277
607,264.24135418720016,81.22939121320351,66.7189430915627
608,0.0,58.45218364820336,103.2372500656648
609,129.0017090435841,56.19042714497336,97.27892154592979
610,74.08513874719196,0.0,72.31863647244336
611,216.0661386210179,0.0,151.42525596359124
612,0.0,204.45515576742116,166.49047996077397
613,131.14692743285218,78.63241599621588,64.9668894158873
614,45.808268861555185,0.0,109.3209682879795
615,117.85662877836542,73.56975885661573,68.59664702844387
616,125.67114752481685,0.0,208.6109775447718
617,92.05716081871866,103.2113161286267,220.70235199962437
618,115.30552344401656,56.917936500734335,0.0
619,172.9468950900992,21.77113494330699,95.48997662321833
620,0.0,0.0,222.13687463179758
621,57.45346404937622,157.3237259060603,180.64183904129177
622,121.91651640056016,0.0,0.0
623,111.41170253686963,86.4632994448034,324.7539190521459
624,79.08211138926308,81.48991680393627,131.74277267809924
625,136.2768240798556,62.091175457945965,344.52837667409887
626,0.0,121.04647650317808,168.79458915242182
627,52.205279381711655,0.0,127.54931849447131
628,0.0,211.82464843442276,125.24794254413821
629,257.0999097070151,133.91683670636908,171.09924107912505
630,0.0,129.28786375857825,196.43299134637653
631,132.1009462008911,0.0,71.91331135357382
632,115.81409108188222,141.11597720941788,93.41005213047801
633,51.96599649148974,69.4947554390632,207.69295152030895
634,0.0,86.22356252407812,259.58629697441324
635,41.65463357038728,95.0968260617894,179.8915547624209
636,107.14126316319494,220.79924195188832,106.06368647330062
637,58.378757363494614,0.0,131.58243163017355
638,0.0,159.83983742326743,53.04719636612152
639,100.94546186873852,0.0,267.06701478232065
640,169.76097312699827,199.28907489152076,171.00359522883988
641,66.42671859723676,141.12000814559403,289.11319625432077
642,0.0,0.0,81.16780862015827
643,63.855247089947405,0.0,119.43281592921284
644,123.96167360165245,159.03567841058376,144.46421248421242
645,0.0,146.98707765323132,82.58951384330972
646,87.10290246038517,0.0,0.0
647,98.57720050690148,140.6293069722554,0.0
648,86.08401033721495,75.77244481860755,169.12665572222662
649,186.8405238452189,98.94879121165732,95.88048196636132
650,143.65374454973923,0.0,172.26005484668417
651,0.0,0.0,0.0
652,94.55907412824243,143.964276636078,66.76933264453788
653,146.30039751135382,0.0,265.77570095724565
654,0.0,154.95111731459025,229.51241452703172
655,0.0,196.18776665630577,185.68623612919055
656,0.0,0.0,182.09490323125172
657,57.989684795272076,129.60060373234273,114.02398234400242
658,159.93655750459519,0.0,94.77890121036523
659,59.07105205856456,83.07941623236806,0.0
660,55.39833205420902,131.35764401332492,213.9587322308632
661,9.885623883598713,62.50195704384821,0.0
662,208.75409432318892,178.10208664756,84.41456545486533
663,0.0,0.0,234.1895449835973
664,0.0,117.11990777683967,168.20108887422882
665,0.0,187.6213376428494,0.0
666,126.79876859097999,148.87642068453414,87.03362495656509
667,69.59248875569841,0.0,0.0
668,92.16883589168877,21.975928380960095,211.53028305301513
669,0.0,122.11641722625306,0.0
670,177.44333800392616,70.57404782016599,188.54604335266822
671,73.37927340798007,0.0,61.61650683601589
672,48.39581614040574,256.2552234554286,220.8168726134202
673,105.52927981046045,137.32950551878423,165.9194841457611
674,112.21079457338433,140.71121231026547,0.0
675,120.70819597887385,184.3788602697071,208.78520889862617
676,91.36023987300665,89.92012589284222,89.26833902540113
677,206.50744513243316,39.90360291580107,187.73300752291223
678,65.03403147529148,156.56568927310295,86.42565676017678
679,0.0,77.22103431004544,120.86752402401424
680,107.95794007799915,34.66333768858896,110.55688958722989
681,0.0,89.38380063646714,143.02450409199173
682,0.0,134.0212266542679,310.7273718967342
683,165.7048968251366,0.0,0.0
684,103.85211187042141,0.0,115.8455992999403
685,124.00595225292754,123.4076224365237,137.92625272368454
686,63.88159808449193,170.35775749119117,55.25223545730234
687,123.21915854053421,0.0,0.0
688,0.0,79.7547781180553,167.0847583275763
689,0.0,126.2887494998801,165.43018243713348
690,56.925024417919374,0.0,133.5069458516709
691,184.5449732291111,0.0,55.51050933475184
692,157.63522580812335,69.45800866304786,182.77118693580508
693,129.8169851934631,0.0,92.94336120852743
694,32.623670494474865,0.0,0.0
695,69.26210088382581,114.6966970453696,144.9434263146118
696,200.79084141779109,175.55866717990514,70.82704370785942
697,122.95657812689635,0.0,122.57574233236323
698,0.0,173.33901055961027,0.0
699,0.0,61.761103183494235,31.72933549075237
700,98.9769660200694,121.41168885361995,0.0
701,0.0,230.898950614414,184.28941500381993
702,0.0,160.93240127712946,158.84263627932293
703,0.0,110.96581621564351,261.73543549160945
704,155.8769791822942,146.53137778331788,201.5326605787766
705,98.4037146157834,103.46142760333873,65.97244585591136
706,0.0,82.33402014795317,182.91072980798816
707,99.67419417007608,147.64330242366765,140.59085746710628
708,62.26703992573946,194.90287433486216,131.54101917377884
709,0.0,85.95932661134462,0.0
710,109.58048645353547,79.14324520336,63.59410026661998
711,178.5666371512489,63.067579180257326,0.0
712,89.57981575828566,151.68487579178296,0.0
713,63.85444471413549,0.0,0.0
714,0.0,172.7936921672874,227.2647524773742
715,109.61197850281219,213.33272636876362,198.29705116431413
716,127.71977374777168,136.08691374885493,402.7772442287199
717,0.0,0.0,179.31682876172195
718,117.31835343526329,132.78891518626003,209.05051821093298
719,195.65708055233387,0.0,114.16828517511578
720,38.43508568444526,0.0,149.12370987091293
721,0.0,0.0,141.63633206137172
722,76.9254487655123,147.08478785294326,227.73159468773943
723,55.957630347409406,132.20154428652083,279.13136533263753
724,88.6892196318503,227.34284214755783,91.50575516372875
725,16.525222393824023,99.41992489149925,0.0
726,105.80132181131862,178.97416363677252,137.70012596880517
727,104.27761430197367,253.11017103050997,84.91470028013839
728,112.50170145840671,211.60440786525726,174.97776210527053
729,278.19498812293307,64.40387094775434,226.91190123837492
730,0.0,0.0,108.5037808800043
731,0.0,111.66276242036976,105.58784342479044
732,189.6228104177293,93.40822921032061,0.0
733,229.55545728567176,105.53133291719854,147.9878863805415
734,71.72346298770887,162.83659156935292,267.5647740572184
735,96.48544927171136,105.01682091784284,0.0
736,185.2985959207493,116.47695943271117,62.48234324637261
737,85.06623811589532,65.05590648906689,76.8864495626101
738,84.48863675772702,83.28453979234837,166.99493609422854
739,0.0,0.0,105.96334199012345
740,59.08742981862116,0.0,87.39717808743008
741,0.0,103.53563716401565,86.92883270938884
742,140.88166279726426,0.0,0.0
743,0.0,0.0,97.7842997535397
744,103.32976690424647,0.0,0.0
745,96.64145158453748,102.61081673168712,157.0786340451657
746,74.25258786873141,112.23106237117494,182.84391990303595
747,95.08049137882439,0.0,0.0
748,87.38991441472271,0.0,94.71817432305185
749,0.0,119.95688647286633,120.33646845239073
750,91.67985398388839,129.75036716791357,158.91402787437985
751,152.21189147365945,0.0,103.57042183644239
752,39.31328350480531,0.0,179.28075145978133
753,100.80002849939221,0.0,116.21607318722138
754,0.0,141.7646088116484,128.38066067557685
755,178.30028815693436,188.40159669012604,99.73402300371836
756,285.79735453418317,99.62729779596341,120.73964260314993
757,0.0,162.36947293172705,0.0
758,0.0,94.1902785545854,100.32808173578339
759,147.69097275692522,106.97792341684105,83.99154328509303
760,238.21674830961842,0.0,138.91337747883932
761,0.0,0.0,0.0
762,84.85385506301358,82.35816902906714,130.01323389338046
763,0.0,0.0,43.55414133575521
764,107.05197652908726,0.0,86.36179303147138
765,91.55361896724074,207.32365509301624,275.939372993572
766,89.67511134421412,133.80225552362612,0.0
767,53.71966700809604,89.5171644473022,159.88239615649368
768,0.0,0.0,238.98459415335583
769,89.51149289261052,0.0,0.0
770,78.4992985381349,88.03239241183232,0.0
771,160.7753036790409,0.0,51.49711291541451
772,0.0,45.64705424888286,237.1858016165386
773,165.72472686143664,73.57002865282702,64.14831958892992
774,106.75922106699723,129.54917596244292,126.43240015565483
775,0.0,119.99321636565168,0.0
776,0.0,116.6920013993207,138.55000290822738
777,75.47882651198589,0.0,190.51430753992187
778,140.32686684082142,39.71844182842387,34.7830080547128
779,94.46855888598499,148.17450969216438,82.704808502537
780,21.146419176088592,98.0937290047255,0.0
781,89.79371103629475,61.78322085538463,0.0
782,80.78022427242179,0.0,121.78374848824971
783,0.0,0.0,91.67392262052299
784,126.95804010805689,112.31716916876415,0.0
785,112.00150546887558,175.9387716671981,150.43808297885874
786,0.0,189.85546066449382,90.34257486152802
787,0.0,0.0,197.31022840428395
788,87.26162216400213,183.521038407898,0.0
789,49.73157183331456,69.7286416635303,135.36670078733357
790,0.0,112.50156409405245,320.051807545162
791,71.94462989358298,69.86277940565358,117.37244718008743
792,0.0,0.0,218.26652740270217
793,158.13747104554497,218.23725887450794,0.0
794,120.0788382125028,111.1592919937362,158.64676667007635
795,147.01380403922028,0.0,321.53311861836227
796,59.75537709018272,97.80986859730093,29.162699759787206
797,121.21598062592088,86.02108686695651,269.8008756811123
798,78.60894283690436,114.73270881862403,111.65503486451497
799,122.44241333539209,87.10333613390684,124.28782556546487
800,0.0,60.08982980386306,138.4878149365222
801,75.14076098880628,0.0,0.0
802,209.42757421254456,64.40417969595784,206.08010242364523
803,237.97565057794688,96.16607249166442,63.885410963697254
804,230.69281433364404,275.772353116046,132.874039150607
805,0.0,118.2460017235535,119.51958643911696
806,81.65591686855691,157.0241913783737,246.40883077107688
807,0.0,0.0,99.34841194611354
808,77.86416190923306,0.0,0.0
809,123.38913581372803,392.0992171336363,111.66233404210317
810,66.38594708529908,103.31614778972873,176.64806614909193
811,197.46872612197947,86.87148974776832,0.0
812,138.8757961263027,0.0,111.82822617084065
813,31.70800675261847,233.46557932393813,98.56861497394672
814,0.0,70.42663075536947,0.0
815,126.59287133400403,174.06596728920735,179.52194900109302
816,130.86556903454303,145.1146739395338,80.54768269656608
817,40.82977130698734,0.0,0.0
818,80.34356845146168,123.35837736335655,0.0
819,62.43487752686644,123.173999088711,154.8080539831256
820,146.58047106497742,0.0,226.73891473062952
821,0.0,123.92063938226605,314.52232510910414
822,0.0,0.0,0.0
823,159.10065476669394,0.0,223.67978180644675
824,0.0,58.10250572685624,124.01363919274758
825,77.87194102673905,101.1515280860871,144.1311347170171
826,136.4562194815,0.0,85.09525507318726
827,101.85926540740687,111.38526652167455,107.59086065149488
828,193.70079283577903,89.02660506652458,168.6331997324283
829,58.754478728551206,52.27703674275625,286.5834931783558
830,237.29944374346175,122.57499161700389,88.24139999299717
831,0.0,130.15353696797342,111.40816771453872
832,61.76310244340673,135.11492772674217,0.0
833,43.56466875678104,75.75836102013382,284.5391696267977
834,19.914432971932584,82.33733532084014,100.70645818552698
835,150.5622632320417,61.47053721943596,166.69383764703386
836,92.26434360919495,35.59186844463632,104.49314942353656
837,127.58347970917964,274.3657923776117,78.11182703508736
838,52.46173104894955,0.0,214.67923251946112
839,101.71900574540484,245.661422727067,110.12097427866537
840,0.0,167.35310212410283,102.86827560496505
841,109.18382999352555,244.03994653345302,0.0
842,0.0,237.04675058206593,46.0828642554105
843,0.0,99.33886763486313,0.0
844,200.54835306723962,53.790657945164654,151.71337048502036
845,0.0,0.0,89.28071986836812
846,87.29448470856993,108.9552701499542,147.62681654060674
847,108.27146322360448,100.9306707094557,0.0
848,97.8416668287963,149.1030286285655,0.0
849,211.28968187668227,51.28175938220436,0.0
850,68.31445033122482,0.0,131.6648966730818
851,191.21653754551966,83.08672057982048,0.0
852,195.47228226776318,201.38519133415943,65.61330386662446
853,0.0,66.33913311049236,76.90404320628932
854,38.15869831105196,100.16878559035558,61.04436751521877
855,0.0,0.0,165.09705296821653
856,102.84247583573263,0.0,93.48948266917738
857,85.43835928679097,85.8166528391821,98.33980404952587
858,208.66359124301914,0.0,83.51033305681823
859,73.68944654509988,0.0,93.00977185815218
860,106.60910680176178,51.451749475262,58.52850098841215
861,122.33291185525127,178.56971504999612,89.57376037709095
862,221.7071159571355,149.17165020111153,131.08558371005063
863,97.8097860673641,106.21075525282725,77.06508928560616
864,0.0,54.26149303004364,0.0
865,102.18916010921913,0.0,133.90249903457607
866,79.32841470908306,84.98368492914365,288.476964739261
867,0.0,89.66319844190312,38.45828269116125
868,120.63929481704763,67.9399002287679,197.02981984327812
869,167.98418933907098,123.41617659753051,113.53867223756954
870,120.80877719933099,124.9111544147173,100.39617052032443
871,84.32705818631482,134.6303341665835,98.20835516091716
872,242.10150946063084,0.0,335.9442233610071
873,88.53676567617983,95.26501434187753,238.01853337142754
874,0.0,0.0,0.0
875,108.86693816165868,187.41353665415983,0.0
876,75.98643489438666,117.46404461449016,118.89431469497198
877,247.94367305469837,164.68752242727217,115.5024929246958
878,220.82801235089872,0.0,150.4980699400341
879,168.39563176427666,65.9577490085545,79.11557757455151
880,0.0,67.49437941015555,178.1119623530484
881,0.0,0.0,0.0
882,132.86784117627988,71.4943978265269,210.32022241115865
883,0.0,53.6345845997215,0.0
884,71.2343469977351,0.0,181.94723953539523
885,108.18370994838929,93.56313455914545,86.42140030722629
886,0.0,83.77499230327768,133.0679881086442
887,0.0,271.00840154902534,0.0
888,100.17328398542193,101.91807160126018,0.0
889,0.0,133.62374334229014,245.86192726042626
890,84.83201705950006,0.0,151.64225461525024
891,95.19244235909375,0.0,0.0
892,0.0,100.22722694861048,98.87576246187047
893,212.83407793175826,180.95616470198652,145.12295881998324
894,0.0,103.77337384731602,83.22068240663538
895,115.34010652620076,79.46887163769111,216.763505885917
896,0.0,0.0,236.63307067567294
897,51.63349088925909,0.0,65.52889144502639
898,89.79376920308762,72.8476604042342,130.85351828800722
899,65.35436356062897,174.17542704119356,59.90090099630951
900,5.650037348399828,93.59108116495241,115.01362643911759
901,25.931521214520128,85.2604954357291,330.5908385828217
902,72.66874127394442,89.17898917308676,181.63508751073527
903,157.94449956296597,53.49629280250411,114.11168821717138
904,66.8667552959435,70.82097721010017,245.29245170466768
905,35.11541113842236,71.7748561014315,0.0
906,116.46410739412872,126.02166175796205,198.352491248941
907,29.636675813064596,116.94829385895437,0.0
908,150.86418342007642,96.89538688453652,0.0
909,164.37569336983185,47.63930742688335,217.1115985637376
910,92.25292230741839,59.76124141027771,0.0
911,146.16531578116357,145.55773921791763,122.46739599907464
912,148.29031132646674,0.0,247.60826541507387
913,52.97813288075721,0.0,58.156795711527344
914,67.95310398030087,182.85867998690563,0.0
915,173.55299043926948,202.00858331578883,327.54692759100357
916,92.08742577054231,0.0,88.70498651667664
917,54.8339999189256,179.8939699933994,129.2935308031305
918,0.0,249.0055875141207,0.0
919,366.580633319461,174.40942558145028,103.48987248222492
920,54.04850915642488,110.05244225705206,115.98247871460366
921,48.071723935364965,202.07601805490918,139.98245377590055
922,140.3420910832364,184.92242060941467,75.65212768152459
923,0.0,0.0,0.0
924,55.099694290634645,54.77020617057487,85.61664050403814
925,299.5421344245375,0.0,0.0
926,187.16331103667642,0.0,217.16838623207292
927,0.0,0.0,199.07255289241343
928,85.90671617950929,0.0,319.35626638877255
929,0.0,0.0,119.58577494804221
930,0.0,174.30669663715804,0.0
931,137.73328951033363,158.65773140992096,87.02137607429827
932,85.99898208556249,105.11284241252277,140.95457123435548
933,87.15855950428254,140.61489679280018,145.8598407875592
934,138.3516018657522,131.73627248391767,243.46199965878387
935,0.0,162.5453103727859,84.307103760051
936,136.49082248139067,60.89554169786068,140.3848935240264
937,0.0,167.05539715956374,97.35778484447042
938,0.0,145.45189546378668,78.66302856095594
939,0.0,88.45613640568303,58.12515987728017
940,240.35970923237298,143.96710805318412,0.0
941,0.0,139.7168051548115,0.0
942,0.0,84.48355492383203,81.20040209077037
943,46.28109744686274,0.0,146.27069781162612
944,0.0,105.57854062142378,144.9327483278482
945,221.60567151967763,138.69806618004174,0.0
946,0.0,0.0,123.21270701835537
947,59.32410905919967,55.351551025550215,123.67006893242599
948,51.33258375418998,116.99983332733099,165.1835420425848
949,112.2443913264135,0.0,58.88740014902094
950,0.0,300.62013174603555,171.26355278439874
951,86.29038343810667,76.5461522693113,173.97137053161944
952,94.15524978744119,0.0,315.18352751981257
953,0.0,151.83727646707192,127.81088795682788
954,103.7040330501257,0.0,252.1441771352745
955,169.93826004887902,121.59071950440932,76.7460579882335
956,0.0,118.76936465136308,96.53106927081272
957,129.24902144517188,45.71829827998688,238.6376020686423
958,221.21433657793034,0.0,109.2312097371194
959,55.69118017916121,125.83791135219093,159.7761136238924
960,82.92564117391994,0.0,0.0
961,142.54001617972762,101.49154721104567,106.89488940003436
962,234.0126241205175,184.19304463696415,141.66424567302968
963,217.32932557627052,197.1582003745881,91.71243894606977
964,115.33215372293436,151.27413223393026,0.0
965,0.0,35.24155730605258,257.8134389164762
966,145.3225517803206,0.0,0.0
967,51.216069248453486,94.00330638280498,110.91287861671476
968,175.69299146466543,95.11013752176508,132.2126525197532
969,0.0,109.23463237508433,117.88978440909719
970,0.0,92.9741181300319,315.2814297387632
971,34.72431164575844,0.0,160.18043299426654
972,0.0,92.80966130808382,127.92277035169329
973,113.29563573608995,0.0,160.69509101418205
974,0.0,126.5533541855459,0.0
975,145.4143796712187,94.40382274561568,330.54393766665635
976,0.0,184.74183930015172,136.69769338002726
977,117.6559287905595,62.842609468850455,0.0
978,197.53121361682108,132.02582250092087,80.34759153074248
979,139.66031412222446,226.01736983667777,221.1177047892657
980,91.45442726577815,120.49879233092288,52.789173229567574
981,0.0,114.67068438071,104.11749540649257
982,192.13171584508703,57.95310951335796,136.17696979066554
983,0.0,0.0,195.07770429840292
984,190.26805700480207,0.0,0.0
985,0.0,0.0,137.34356222828174
986,174.0707534450397,0.0,116.94715256739813
987,164.56991632086235,0.0,125.17950615459382
988,191.93392870608872,165.18779400639124,127.97683362720085
989,149.42791852075433,201.96587862074665,0.0
990,101.493991459961,124.83729367429284,184.06916656228293
991,54.26725811391817,93.40885383942621,235.03920866121967
992,84.5950305050933,89.1540252816221,102.93168672231168
993,0.0,139.7907879294845,140.72285389661565
994,0.0,102.5898456438458,175.79551514829168
995,109.36715554735284,70.27335131430311,58.83915262931406
996,137.7388561570121,229.26146503709478,0.0
997,172.34901310933233,0.0,95.93322181851212
998,0.0,0.0,0.0
999,137.2583052803578,0.0,396.21489846323334
1000,0.0,121.80247639800506,92.53746973030462
1001,0.0,97.7471985636089,131.11455325364224
1002,0.0,0.0,126.62992313899474
1003,0.0,112.18187157266615,84.46670494886439
1004,59.015674067746936,163.8030345946794,116.63009752653718
1005,0.0,0.0,0.0
1006,197.83433529018026,0.0,113.53497118285917
1007,0.0,172.12930190541786,0.0
1008,0.0,189.6029128521551,54.77286488499065
1009,122.60554761345747,159.23197836512367,148.5451901049387
1010,114.81686398309162,87.54246561297926,57.130548784369246
1011,0.0,99.01729485204054,88.16908084085061
1012,185.1465466418114,0.0,78.36828392013227
1013,201.05056601091405,0.0,83.60510955099753
1014,0.0,145.2799662532657,0.0
1015,175.3260041726851,85.36607986601248,330.39741668547776
1016,157.4838521024463,62.20974336254644,0.0
1017,113.11727823551902,72.50873210797134,240.9526160020963
1018,0.0,112.53076467979197,0.0
1019,0.0,118.2544417821107,0.0
1020,29.50779401468712,0.0,0.0
1021,370.9697356427651,189.73022705738518,107.46070031419343
1022,297.49350521691736,71.49238457785796,83.97996754906717
1023,149.444713512618,0.0,177.71485216365014
1024,34.574370134542825,56.766201920726324,78.47079765813419
1025,116.93918532912372,0.0,88.90671829150608
1026,167.94991700695715,58.635816554721366,50.05817190469183
1027,186.29744711861076,79.03470127966635,0.0
1028,0.0,76.76522393319021,234.33784559179736
1029,101.5457445900377,80.54040972038375,77.47206904787484
1030,116.67457939832249,88.79005212243203,114.62848443241396
1031,0.0,107.84027381722063,101.98242701928031
1032,111.17562295398942,165.68831599260426,94.27022500112481
1033,0.0,0.0,133.28151439793018
1034,0.0,184.90836260004875,113.16916963105008
1035,53.70153353228491,0.0,138.28390302236866
1036,55.04883409649985,70.15706130377005,109.23358640392452
1037,36.81068651234367,29.36176711074478,198.38283735959425
1038,138.85719772855234,34.64617328722074,100.27976494913692
1039,0.0,111.65334820957239,112.87822032006673
1040,104.0403246506358,76.55940987251675,195.93579458791316
1041,92.74888179399169,45.502516383092114,152.54059076493024
1042,118.91195434182295,97.7424347300882,0.0
1043,83.9642193072923,36.0706919257337,92.60701639736793
1044,134.0681173305547,86.24356237575034,60.9070157616318
1045,63.9161475138458,143.91211863811623,175.37889276245158
1046,76.57712007558507,259.31472195067295,67.88162204853519
1047,18.86703623769658,87.56147094746282,94.61541830301867
1048,75.0996561909307,0.0,0.0
1049,101.56788556671776,172.35815918419192,0.0
1050,0.0,129.82237913514746,209.24726262777543
1051,179.92608254500198,83.89202386448109,0.0
1052,95.66089963782908,94.2918303248404,163.76931981218402
1053,72.8067257723448,0.0,107.87734785417811
1054,206.9097222384116,62.40675668897298,166.27421803318913
1055,0.0,157.963126336192,0.0
1056,0.0,113.88474204109791,93.04117960171581
1057,68.08713343407292,0.0,148.8493045636536
1058,23.989370105518944,53.03187770501443,85.61576657280673
1059,0.0,131.65460776695045,0.0
1060,216.3235454807522,0.0,127.56774233657774
1061,0.0,58.478392635898565,221.6429760559926
1062,0.0,136.07569735999255,0.0
1063,80.26148367886402,136.08305867901956,127.92851837842251
1064,0.0,147.910264029534,89.15980297855968
1065,0.0,143.0524854265155,0.0
1066,0.0,131.05746838440027,94.978649919842
1067,99.24919113090735,0.0,236.74410118949356
1068,0.0,0.0,0.0
1069,157.6686600960896,0.0,0.0
1070,180.56975599896518,0.0,94.24245000489805
1071,135.06606636836636,80.41024392145367,107.05539399716993
1072,167.21054990810924,65.71283001119271,105.8662539716768
1073,212.0971307568744,0.0,224.32549217453322
1074,50.559327816104044,84.9910916123711,122.10289920268737
1075,0.0,108.87117720267472,321.92017186785466
1076,109.44854384059695,125.65425583999428,111.45453910086324
1077,54.155389006383935,0.0,432.18099732224647
1078,183.78462469638936,81.10756496722078,61.44995887705756
1079,0.0,59.39348581357664,82.39657720620532
1080,77.59240768615183,162.3246013656315,72.9935643678048
1081,145.94211832833975,89.68264833280935,177.5448470576529
1082,38.35505872083845,114.84338279139675,68.3151395916465
1083,82.65304710791989,204.80694222125445,140.24987429738647
1084,180.64044770048955,0.0,71.12228541591807
1085,0.0,0.0,134.1422367055854
1086,59.565670576146516,112.95135064990191,166.896339572155
1087,228.82472108656887,122.23632699165702,245.06193951626156
1088,74.07555918205598,0.0,0.0
1089,85.78647770152898,0.0,101.24389159596781
1090,0.0,0.0,89.73151284813822
1091,174.70980154725896,134.58606035903463,0.0
1092,84.5728980887017,294.1505850989402,138.4653977119709
1093,148.03807529909244,0.0,96.2936725425846
1094,0.0,0.0,249.60285106464124
1095,135.09762649631017,0.0,0.0
1096,49.910469872577146,0.0,177.19161381292113
1097,0.0,107.54148561032241,131.99034775557328
1098,0.0,94.56281899599696,150.089336213814
1099,49.55782448066555,156.98515660417917,157.08405113426554
1100,120.10811997327882,0.0,231.92269821468744
1101,0.0,100.89830960720457,42.04862819205492
1102,49.315327443759784,0.0,241.73305782085836
1103,186.64591638567651,106.30071801676601,54.56097920371562
1104,127.78102873598208,303.7071762194732,87.99534471658659
1105,92.68331792980008,0.0,69.05877745391068
1106,0.0,0.0,0.0
1107,0.0,134.10735496891266,0.0
1108,54.02932211896559,230.16448839393485,257.6187945343266
1109,225.0257769345849,192.2740409961292,130.76922829167447
1110,104.48763602127356,47.17960426689366,87.00893927035285
1111,0.0,0.0,0.0
1112,125.22523866041843,97.21880981067463,247.45317211132763
1113,82.0159544453936,100.04770844258883,74.33837767911214
1114,141.23923321257743,100.36200993702195,158.9804809720778
1115,0.0,0.0,71.8305647952635
1116,66.60083750691204,80.02189177557827,179.68633494372995
1117,129.2033864978021,70.31335909993761,0.0
1118,150.2024396394565,0.0,110.19543653866816
1119,122.8587481840255,234.83999261805417,38.52822999362739
1120,162.6064560878444,150.70427518506548,156.95273926195426
1121,192.45015387676762,124.06541366239792,0.0
1122,187.13472424678912,132.1076762646027,131.12445551364362
1123,0.0,0.0,134.14497653731186
1124,0.0,99.09245096288537,57.6250573732225
1125,98.76807724328837,58.08468531863989,76.90689271291647
1126,0.0,120.38013766609579,0.0
1127,37.459187325841434,96.22938356249495,142.88762485518114
1128,66.58679591338807,0.0,95.7630881165172
1129,107.07254851785561,133.45510354820595,0.0
1130,75.51547768332007,77.07346823189944,108.59727783476269
1131,149.74425901620202,0.0,76.33321829536142
1132,77.70424073737634,138.5303469353768,171.17319953301163
1133,95.59590182418376,127.56673960281437,195.7183876521659
1134,174.15415413805323,86.32194861394511,227.74280002597797
1135,71.78754125056888,0.0,135.88049654760982
1136,0.0,228.91337134777498,156.85870912226
1137,116.08416919590597,133.4311242791786,90.94613006195455
1138,0.0,41.48047714102031,0.0
1139,0.0,129.9453374512997,0.0
1140,173.67231999192464,65.45424951256683,112.22779859743736
1141,65.65125143931674,106.25002945147664,130.1052763892433
1142,0.0,100.06306830694851,212.41938503452835
1143,0.0,85.61367652806751,200.18406168600913
1144,172.29964108526192,0.0,187.69882553121812
1145,188.27942988412096,154.39968282620302,198.40436136952994
1146,0.0,121.89843272766029,0.0
1147,103.54714253166674,156.71661313227213,98.06957276192911
1148,0.0,125.17789369216827,243.5734056632408
1149,72.74388272761794,291.11340013702767,0.0
1150,78.66928039310025,0.0,59.10226309799476
1151,0.0,101.49096651510214,272.0732646750786
1152,248.2312585960747,79.22227614117926,113.62541525256015
1153,160.80438675567603,92.16834601324946,67.98470070642884
1154,294.62380103461675,84.1925658811379,111.92585240172176
1155,106.76809088214925,88.87017680455132,27.82710662034232
1156,77.99321887505833,146.2128362632522,225.50157439046546
1157,0.0,0.0,128.99747796531636
1158,52.44223382215163,46.710264364153105,106.90432422436199
1159,28.651150703247872,119.4488802060395,56.34312385729552
1160,98.07827145852342,0.0,103.46214846454889
1161,0.0,0.0,122.25698298736995
1162,212.84096690916078,120.66996110492703,62.82089512741457
1163,201.55623376578646,0.0,140.06969954678374
1164,115.85724757489642,108.17646215846861,0.0
1165,131.5159617879573,0.0,133.55069060925874
1166,123.36240837694135,150.82813792740575,164.58592534999693
1167,30.274484351804574,141.25654447809544,0.0
1168,145.38942677105217,104.64780047405216,55.02789283951975
1169,142.3188283897989,134.24312908227873,156.06373087228513
1170,121.49942756352206,145.16494508023717,117.42738794640243
1171,141.97689996477146,76.71124544764082,72.85073856045652
1172,138.67262761483073,71.85964335706623,160.48336505786096
1173,41.40319890718021,163.5794953706351,148.35720630620463
1174,105.58330989986585,87.47237872039115,0.0
1175,0.0,88.15459658778677,122.39111489204363
1176,97.78813654774534,0.0,194.35026919259278
1177,73.89235980925854,184.56397330668372,0.0
1178,0.0,107.42977425346756,76.83549312962666
1179,57.64407420943949,109.31286511715803,157.43282288393434
1180,168.7717988544951,68.82791939733609,0.0
1181,0.0,79.61522784728325,0.0
1182,0.0,108.87686244080919,171.4846574210526
1183,116.86326613846951,0.0,100.46116924388446
1184,0.0,0.0,139.1858132197293
1185,0.0,36.04281619093971,189.22822476174466
1186,0.0,133.9495112385264,271.09732895431887
1187,86.88805412111832,111.51104706562458,141.54972766495604
1188,35.68468987582808,73.80091449039551,128.18613757370093
1189,111.96335418112014,0.0,241.23836308930018
1190,238.51614830358622,60.887698760124586,96.78698994050497
1191,80.03043511232991,145.13842159896902,113.10277260137059
1192,232.10939269964263,181.21340949819194,0.0
1193,102.07021823412555,239.62006917929176,0.0
1194,81.1144771561941,112.71357023515493,163.64811969532536
1195,0.0,68.9449284074332,128.65720747081414
1196,0.0,68.05411824000561,71.96644029689308
1197,133.22060140313695,128.0400298476757,0.0
1198,0.0,0.0,166.67569798753206
1199,0.0,0.0,138.58683243050334
1200,69.39851719343949,273.92544047708236,134.93106617794214
1201,108.50144467335207,270.18528240802044,139.93165887805046
1202,128.04287157379497,160.1242889960627,252.43699834383565
1203,200.26200638589216,188.16549709625002,114.54975344561763
1204,0.0,84.88481507616625,120.59366838323065
1205,247.16975509440582,0.0,0.0
1206,0.0,145.14693671367084,143.4066971478338
1207,0.0,0.0,219.88341563976164
1208,0.0,0.0,174.26525233689537
1209,88.06657428525585,0.0,177.46395924232047
1210,131.70778898271246,130.94472815198674,0.0
1211,123.70215776454069,54.475875411378006,0.0
1212,42.81130066383406,135.6436307020717,164.85471126283588
1213,0.0,72.40816264464122,223.33469737941004
1214,113.39096501357193,131.12840846207723,82.34432181108691
1215,161.94100555816058,0.0,122.29052193312052
1216,0.0,104.27219850746457,125.74416880128587
1217,110.55714418641458,59.04331565227437,198.04915892190328
1218,100.30462620155251,105.42473023566261,163.8363311654771
1219,0.0,0.0,133.27927524553252
1220,106.61701811200571,0.0,36.60725836561941
1221,0.0,142.54861917123242,182.32118659552597
1222,38.2730223581722,190.33220934436443,180.8227974605026
1223,142.25838126178567,37.58035310418142,0.0
1224,0.0,0.0,0.0
1225,95.32074009315042,0.0,99.02429471268293
1226,52.93672447734479,104.20831595133761,42.39965993731351
1227,156.33558949456827,146.9170227277108,99.59084476702893
1228,48.16289509632652,0.0,129.76979475372798
1229,113.47346527136249,80.23430121439715,56.479508187981935
1230,87.02649156311678,0.0,63.03348884914088
1231,172.6723253453875,196.53113731312558,92.22723977039803
1232,99.46220146472098,151.7413625018631,0.0
1233,0.0,59.309993110853185,0.0
1234,150.68582126207872,59.147640519462186,110.20643643686138
1235,180.43774807527296,0.0,70.59267363475816
1236,63.60769463110427,0.0,62.528501911426275
1237,101.30066503970346,78.05787591710413,74.94428527279184
1238,175.01676668516671,117.92566990065316,82.93174095566563
1239,102.57429990958195,35.07228488387224,0.0
1240,30.413815434869058,173.4359928389779,77.17522079074065
1241,99.3968185936849,83.61342886386271,136.36351308972823
1242,0.0,156.5629274643441,0.0
1243,66.51162120340186,157.21897596904643,82.98848725687085
1244,124.95612893668286,155.93997020999575,88.52250503514772
1245,106.82281176194158,81.33364758379273,84.91606938927323
1246,123.58424320649753,0.0,106.45650009411187
1247,34.208233356663584,140.7998945384656,0.0
1248,33.18079350032586,0.0,96.25933912252412
1249,89.96701877545817,106.45083329057405,143.7583758234816
1250,180.9280924287506,161.0405761179536,226.8403537857135
1251,92.5777524335857,144.8779993267086,107.28431083256463
1252,100.59317279020856,183.64167558013872,79.5611079213484
1253,0.0,0.0,135.38019916945998
1254,43.6008336796104,98.11168204728642,51.76885265836841
1255,255.56535401348674,130.1778654426593,0.0
1256,59.48226030747581,39.140051260974026,29.639624025769464
1257,0.0,0.0,0.0
1258,0.0,93.49117288909251,0.0
1259,139.1685963727283,93.80947587574947,160.5820353891411
1260,182.96884296416815,0.0,0.0
1261,79.48193948758629,96.94511043358332,0.0
1262,0.0,105.99146661439818,0.0
1263,73.6541721550128,149.75986469749404,0.0
1264,161.73915219623186,138.53114806423815,59.54098883914963
1265,0.0,89.20566911198686,84.87651398632573
1266,171.24930307727035,120.6539161878435,0.0
1267,81.16199257495342,283.4149209322886,174.85457944656935
1268,180.71623492376554,0.0,235.19285107965712
1269,51.96741372749629,139.79659450871495,36.17839417514014
1270,88.30135899329994,201.68800825769887,136.82454446283245
1271,195.40040070312682,53.29717875246496,0.0
1272,0.0,87.5928983688549,208.24768404337962
1273,0.0,61.966411724886264,176.10935346663416
1274,88.58030236582078,198.356842905902,0.0
1275,90.25887843008012,82.76764869562346,76.8961725336442
1276,123.03339706794041,109.32816010074262,112.07119182056022
1277,155.98189144968464,0.0,0.0
1278,135.7869003083484,0.0,116.0217554787695
1279,0.0,0.0,234.8601675864619
1280,0.0,0.0,0.0
1281,0.0,0.0,158.2461659757922
1282,62.417764192234856,109.07936765212068,97.76661863916931
1283,138.38507959803943,223.18457022999496,235.87943612069415
1284,173.84301784058889,0.0,117.93140761181355
1285,292.96276564834153,0.0,175.25723467627537
1286,0.0,69.19083741652624,91.9402247263245
1287,72.74167956708091,135.78347196291443,74.29473256066875
1288,0.0,130.3760851023338,0.0
1289,202.0755395151574,187.99678264187637,131.05995608728833
1290,0.0,109.20670106366752,155.8400389795973
1291,108.57187855989382,0.0,129.39169057594648
1292,0.0,100.78425465472858,0.0
1293,0.0,44.66217910275122,75.28578234275395
1294,115.40067413691266,204.33656086259418,151.37681656273213
1295,96.77988259657631,158.91772820391998,0.0
1296,176.53459518464652,157.5601931186646,138.43689576558754
1297,29.717065359985504,0.0,148.9337421939232
1298,45.96414950929107,135.3871026121699,176.38191522633957
1299,131.3288437909254,0.0,111.18759097332273
1300,145.98326021444555,152.5811375158359,98.09342377560249
1301,84.98252261414095,110.45901386270154,122.08636192200943
1302,64.75283319470064,74.95836439004572,60.273357008810116
1303,0.0,180.70128971389124,177.01404618063626
1304,188.24987189817827,115.62368401980937,73.82218633917776
1305,0.0,137.32924720556096,138.05961548434198
1306,162.07031417554205,119.68386806078024,0.0
1307,94.02178651578394,0.0,110.87128416545913
1308,0.0,94.66173157313965,80.99998419976214
1309,0.0,189.70684638757265,256.5001893736016
1310,65.06914613876644,89.7719297274457,0.0
1311,285.8056905455565,97.42182504755326,221.06378068747551
1312,0.0,71.27289208013306,0.0
1313,183.11315779258783,112.04771510929758,0.0
1314,0.0,0.0,255.48131552355383
1315,0.0,186.26195095635867,50.99504502516881
1316,282.1307009231547,185.29015854929403,67.51909511927417
1317,109.28155996396922,78.1891231681676,169.70237420121774
1318,107.69698805943173,204.09211757040086,131.2017304808093
1319,0.0,92.55866738853318,212.42004788426135
1320,103.95969796505658,159.73461803780242,56.98261754657738
1321,158.0326587653175,72.60897489735547,218.28286460867014
1322,0.0,65.57260516978275,129.95116532286363
1323,0.0,82.68092321386834,198.48273322996118
1324,0.0,134.14312721033338,0.0
1325,87.01222735269255,143.52951773764647,174.6294806396702
1326,166.31012547822388,95.7223847473594,222.9518267043976
1327,0.0,0.0,118.81983944770856
1328,202.47120398797944,171.92577685471656,67.51745371461567
1329,121.98041026345257,0.0,0.0
1330,184.6014011825248,77.77128953031726,247.26690971479616
1331,64.43074903825286,122.05290693857303,144.5907086414059
1332,0.0,77.78140414947381,162.94131857019426
1333,72.68355244086784,65.10649831181058,188.8607320236689
1334,223.20432664859766,93.6100088543185,176.18128771773854
1335,0.0,156.525573140895,262.64390024054404
1336,115.69223225039484,85.34991162156366,125.31173988531546
1337,106.18669056071431,85.51199053998667,113.38548011040334
1338,193.78381705309494,94.70895976458277,82.63951927092712
1339,109.05768488794719,0.0,123.94414744157248
1340,388.83134942934817,149.76661321151047,0.0
1341,169.82601074950327,79.1608044453887,304.68863864052554
1342,147.39599559601095,212.65978008537297,128.33037797346668
1343,53.487030340628834,128.5419052762197,122.66343146050252
1344,47.63455213418484,106.34984381683171,78.66627045587397
1345,43.63825361795225,0.0,34.12890778153592
1346,55.86499296312139,139.7809742728282,91.85804574843164
1347,174.1468295773429,0.0,69.93209569225262
1348,0.0,191.93125929675546,210.51326733428033
1349,89.53717435008652,157.62959612840223,165.89987438217042
1350,22.414680257744013,0.0,0.0
1351,74.6269772512459,101.7440417235891,189.51017000533767
1352,0.0,147.00653853621895,127.93412066735895
1353,0.0,192.32971360523422,0.0
1354,120.79307685152459,0.0,0.0
1355,0.0,89.21405072818621,41.90654513050523
1356,0.0,83.76709673406219,165.55887273702925
1357,0.0,0.0,0.0
1358,0.0,160.7047784347448,149.41291974664955
1359,0.0,214.76908676803626,0.0
1360,80.05445671438328,150.81614211539258,79.02154088821605
1361,0.0,191.66386560501152,182.07964282036784
1362,114.37074228145116,108.71791276066378,85.64889832066011
1363,82.39825794784596,136.3702550632495,0.0
1364,0.0,128.26937381370823,99.46003917819422
1365,157.8119767186706,126.77715743505154,0.0
1366,0.0,134.03814553150985,103.68421342065983
1367,32.59587646917065,54.212545997800234,0.0
1368,124.59552675803268,133.8942405228514,167.76555286444292
1369,137.11140079570646,150.3500984515447,110.9539658933197
1370,0.0,69.92079319088397,81.69559656979604
1371,263.06137335382044,264.7372621564442,87.55202599490595
1372,173.97695912745212,147.4352544087694,0.0
1373,77.35683498331052,0.0,0.0
1374,204.1055692782043,87.20244806991161,0.0
1375,0.0,141.02730347325698,337.39254891942824
1376,78.00877249756363,311.5662824746194,65.23393964872429
1377,0.0,193.4800228132216,0.0
1378,0.0,77.81889201014852,113.2789762438443
1379,60.895137824154574,93.47044655135647,99.64649925530021
1380,149.28139972704196,91.79384573337514,0.0
1381,50.57813869076944,88.54125089505031,0.0
1382,167.02995245584538,110.55565625542758,243.36926704550382
1383,80.52881894171495,139.30109506921983,80.0922960254857
1384,227.18402229276106,100.40341564605949,230.89343001290453
1385,0.0,115.88762478318615,97.62378950958058
1386,77.22454106913604,111.07126848826607,81.39035752570955
1387,102.8890075923651,160.0784568205902,134.1578180458424
1388,51.88060402446495,118.26110849306704,38.49187281896299
1389,320.6097387201581,0.0,67.81569402100924
1390,174.73496531830313,0.0,128.62191835289138
1391,141.90284333246407,81.92712830497238,184.9593451307136
1392,0.0,52.394100543217746,54.98926716915055
1393,75.78184125143268,0.0,0.0
1394,202.72466354041836,0.0,253.42078976183964
1395,0.0,124.17146201931324,0.0
1396,237.71312621325853,0.0,91.73115567358178
1397,258.47858514536244,0.0,118.5605761604659
1398,90.1816647858152,114.76455652749802,122.84997205433035
1399,0.0,117.57728078912449,102.21844243393451
1400,0.0,0.0,149.65607622336915
1401,152.72588934107173,105.61178586872788,56.84264520621968
1402,78.98126078626586,0.0,172.97846221435157
1403,132.62815031609816,79.52336817363262,0.0
1404,0.0,226.7586733800525,251.94610658139584
1405,0.0,76.59822533672298,0.0
1406,116.5614922035506,123.82478223266367,0.0
1407,292.5524200845299,0.0,101.91894327922998
1408,0.0,67.36222863586342,208.10198917417364
1409,44.87649071208537,83.53496906685069,150.44010062811242
1410,169.12684589328535,126.23361968655557,0.0
1411,0.0,0.0,150.2481687529817
1412,101.73816097052334,255.5629532183695,0.0
1413,130.65195557546795,0.0,99.77970466744492
1414,219.86429868602846,107.4110881897014,240.78739004135468
1415,215.37490756302975,103.00379290174675,0.0
1416,0.0,0.0,68.31235097193168
1417,174.7794570209937,0.0,131.67353784978883
1418,0.0,142.70352027171208,225.5526149816792
1419,59.743565104326194,132.08128824056533,215.80620698655753
1420,44.352210736700165,37.56890249117879,78.0104394462758
1421,321.76037628737663,220.84987313292604,152.49577381004306
1422,152.09630810666593,0.0,211.33044865611672
1423,179.88358250064633,0.0,134.93359566762967
1424,0.0,177.09286278761243,82.43740542177066
1425,0.0,0.0,0.0
1426,0.0,161.43294296206565,78.66930781614374
1427,94.31589717883672,91.17082540241123,0.0
1428,148.68663809942512,110.49183508604226,56.98422771154901
1429,144.5395324149792,238.06165122589147,208.1154634065655
1430,33.28224218236478,109.01787263470393,72.42323631930284
1431,0.0,83.39229084897806,126.13474003969641
